shi.li,Shi Li,123456,ipad,shi
yong.li,Yong Li,123456,ipad,yong
chun.li,Chun Li,123456,ipad,chun
zhan.li,Zhan Li,123456,ipad,zhan
ang.li,Ang Li,123456,ipad,ang
xiaobao.xiong,Xiaobao Xiong,123456,ipad,xiaobao
dan.li,Dan Li,123456,ipad,dan
tony.chen-sh,Tony Chen,123456,ipad,tony
baimen.chen,Baimen Chen,123456,ipad,baimen
alan.li,Alan Li,123456,ipad,alan
oliver.luan,Oliver Luan,123456,ipad,oliver
wenyan.jin,Themis Jin,123456,ipad,wen
chong.li,Chong Li,123456,ipad,chong
dian.li,Dian Li,123456,ipad,dian
di.li,Di Li,123456,ipad,di
lili.li,Lili Li,123456,ipad,lili
shimin.li,Shimin Li,123456,ipad,shimin
felix.yang,Felix Yang,123456,ipad,felix
steve.lu,Steve Lu,123456,ipad,steve
jiunkeat.ong,Jiun Keat Ong,123456,ipad,jiun
neo.chen,Neo Chen,123456,ipad,neo